{
  "0": 7.198982953234884,
  "1": 1.2257333265214103,
  "2": 0.40056076243049327,
  "3": 0.5115450259092974,
  "4": 0.43844631403672607,
  "5": 0.29098129934859346,
  "6": 0.21077367185520945,
  "7": 0.06048504454074589,
  "8": 0.029844514792612742,
  "9": 0.0037213001651119704,
  "10": 0.006247794613211672,
  "11": 0.024103750254337787,
  "12": 0.00758571370428678,
  "13": 0.0019490349029131918,
  "14": 0.00690156014269371,
  "15": 0.0013935733257576717,
  "16": 0,
  "17": 0.0007935453539898198,
  "18": 0,
  "19": 0.03882898662599618,
  "20": 0.04854717880652737,
  "21": 0.02033979407566185,
  "22": 0.061321290805179354,
  "23": 0.04612253210404401,
  "24": 0.004138277666964977,
  "25": 0.02347555303058389,
  "26": 0.015424763082897775,
  "27": 0,
  "28": 0.01559007244099704,
  "29": 0.002110349635264617,
  "30": 0.00806796776823176,
  "31": 0.005109432728303057,
  "32": 0.0029289642488565908,
  "33": 0.01036089186896462,
  "34": 0.009442210645478804,
  "35": 0.01414934451926518,
  "36": 0.009277991177413979,
  "37": 0.009049535100351034,
  "38": 0.01508869323571219,
  "39": 0.010011220316440767,
  "40": 0.0009230642436946684,
  "41": 0.003810633711343738,
  "42": 0.005382965113733984,
  "43": 0.003836497814897425,
  "44": 0.0033730652066822717,
  "45": 0,
  "46": 0.002511091668365466,
  "47": 0,
  "48": 0.000403632816917269,
  "49": 0.00040405048411978786,
  "50": 0.0004111706356991409,
  "51": 0.00032363517534357393,
  "52": 0.00044960009172951404,
  "53": 0.000581072023075098,
  "54": 0.0006255275514550959,
  "55": 0.0006479994535740143,
  "56": 0,
  "57": 0.0008506122912111075,
  "58": 0.0007737025636652649,
  "59": 0.0005142272018182244,
  "60": 0,
  "61": 0.00024165558363659317,
  "62": 0.0005110306021015474,
  "63": 0.00024818936067493827,
  "64": 0.0001724015569726789,
  "65": 0.00016663400318212094,
  "66": 0,
  "67": 0.0002698701686536829,
  "68": 0.00022618009413461707,
  "69": 0,
  "70": 0,
  "71": 0.0007603468777574766,
  "72": 0.00016045223926552867,
  "73": 9.240391666949684e-05,
  "74": 6.602881905112975e-05,
  "75": 0.0005375801770376253,
  "76": 0.00040249015443851734,
  "77": 0,
  "78": 0.00012703756459628355,
  "79": 0,
  "80": 0,
  "81": 0.00015859674851521574,
  "82": 0.00017508956175493035,
  "83": 0.00020781266602732838,
  "84": 0.0006610791495249266,
  "85": 0.000718230070107835,
  "86": 0,
  "87": 0.00014571123589048778,
  "88": 0,
  "89": 0.00018025311100137488,
  "90": 0,
  "91": 0,
  "92": 0.00010595911652016925,
  "93": 0.00011202294865211696,
  "94": 0.00011751535012581257,
  "95": 0.00013349049230227165,
  "96": 0.00014089925375407005,
  "97": 0,
  "98": 5.771730631625501e-05,
  "99": 2.92681306634005e-05,
  "100": 0,
  "101": 0.00038890580544110914,
  "102": 0.0004796801020886122,
  "103": 0.00037015675276176586,
  "104": 0.0003658257703539052,
  "105": 0.00022410918689655737,
  "106": 0.0002556696248420581,
  "107": 0.0005599135216121497,
  "108": 0.000984326040002923,
  "109": 0.0007622770008041079,
  "110": 0.0007947342513234797,
  "111": 0.000717490347607423,
  "112": 0.0007771558520186924,
  "113": 0.00048387268287859416,
  "114": 0.000489295772818753,
  "115": 0.0006922164179362555,
  "116": 0.0006246057188850794,
  "117": 0.000530779427400509,
  "118": 0.0005903737900758447,
  "119": 0.0005886035320607896,
  "120": 0.000530809976162442,
  "121": 0,
  "122": 0.0004070743358656399,
  "123": 0.0003648972912761899,
  "124": 0.00040274326236393776,
  "125": 0.0004241836822185699,
  "126": 0.00027998800777000676,
  "127": 0,
  "128": 0.00024257757341724273,
  "129": 0.0002473028697352513,
  "130": 0.00041543750484205634,
  "131": 0.00035704830899055233,
  "132": 0.00040234710150216426,
  "133": 0.00041603227701400114,
  "134": 0.0004124448356158006,
  "135": 0,
  "136": 0.0004022562453547575,
  "137": 0.00040166454021119146,
  "138": 0.0004442077206340783,
  "139": 0,
  "140": 0,
  "141": 0.0004565557644641981,
  "142": 0.0005388107087965928,
  "143": 0,
  "144": 0.00042189359387037086,
  "145": 0,
  "146": 0,
  "147": 0.0008125819626935522,
  "148": 0.0008383322549279145,
  "149": 0.0007178921596904882,
  "150": 0.0005497160649005507,
  "151": 0,
  "152": 0,
  "153": 0.00038518184821061704,
  "154": 0.00035148720935521973,
  "155": 0.00037060869471447293,
  "156": 0.00034126377247244806,
  "157": 0.00032853316658317845,
  "158": 0,
  "159": 0,
  "160": 0.0003170269383511971,
  "161": 0,
  "162": 0.0002335638373178535,
  "163": 0.00023907491849988654,
  "164": 0,
  "165": 0.0002021041780289174,
  "166": 0.0002224504832732553,
  "167": 0,
  "168": 0.00023371270933473859,
  "169": 0.00032453674241445267,
  "170": 0.0003479601129095188,
  "171": 0.0003893838735909549,
  "172": 0.00034134132228292387,
  "173": 0,
  "174": 0.00031503652523268144,
  "175": 0.00020574738663489125,
  "176": 0.000289302360136989,
  "177": 0,
  "178": 0.00030236744999426646,
  "179": 0.0003489635471596085,
  "180": 0.000273057293943457,
  "181": 0.00033490114560469635,
  "182": 0.00031722298452295126,
  "183": 0.00038828491348100874,
  "184": 0.0004104403747643953,
  "185": 0,
  "186": 0.00037504320233568795,
  "187": 0,
  "188": 0.0003834470542834489,
  "189": 0.0003765015980851851,
  "190": 0.0003530215330763643,
  "191": 0.0003361044109269418,
  "192": 0.00026850884621134143,
  "193": 0.0003169081668893507,
  "194": 0.0003200349853519379,
  "195": 0.0003176956297905524,
  "196": 0,
  "197": 0.00010946319997201135,
  "198": 0.00014685414773112776,
  "199": 0,
  "200": 0,
  "201": 0,
  "202": 8.653657359715384e-05,
  "203": 3.908242480983636e-05,
  "204": 0,
  "205": 0,
  "206": 0.00012898173106902066,
  "207": 0,
  "208": 0.00020544782171209408,
  "209": 0.000194435022433939,
  "210": 0,
  "211": 0,
  "212": 0,
  "213": 0,
  "214": 0,
  "215": 0,
  "216": 0,
  "217": 0,
  "218": 0,
  "219": 0,
  "220": 0,
  "221": 0,
  "222": 0,
  "223": 0,
  "224": 0.00025108977949735807,
  "225": 0.0002507050565241863,
  "226": 0.00029593746776345625,
  "227": 0.0002665703672025401,
  "228": 0.00034802190917529864,
  "229": 0.00033329554048997217,
  "230": 0.0002693861728055773,
  "231": 0,
  "232": 0,
  "233": 0,
  "234": 0,
  "235": 0,
  "236": 0,
  "237": 0,
  "238": 0,
  "239": 0,
  "240": 0,
  "241": 0,
  "242": 0,
  "243": 0,
  "244": 0,
  "245": 0,
  "246": 0,
  "247": 0,
  "248": 0,
  "249": 0,
  "250": 0,
  "251": 0,
  "252": 0,
  "253": 0.0001971257873330896,
  "254": 0.00023293023722830396,
  "255": 0,
  "256": 0.00010600396967210294,
  "257": 0.00021719205451309646,
  "258": 0.0001735519715628615,
  "259": 0,
  "260": 0,
  "261": 0.0001418563854147163,
  "262": 0.00012774152333362037,
  "263": 0,
  "264": 0.00016515246065257035,
  "265": 8.804347644895375e-05,
  "266": 8.541022194289436e-05,
  "267": 5.944861396809807e-05,
  "268": 7.598491549166975e-05,
  "269": 1.5847576856243151e-06,
  "270": 2.4725228145628438e-05,
  "271": 1.3660824320890167e-05,
  "272": 2.448091978461686e-06,
  "273": 0,
  "274": 0,
  "275": 0,
  "276": 0,
  "277": 0,
  "278": 0,
  "279": 0,
  "280": 0,
  "281": 0,
  "282": 0,
  "283": 0,
  "284": 0,
  "285": 0,
  "286": 0,
  "287": 0,
  "288": 0,
  "289": 0,
  "290": 0,
  "291": 0,
  "292": 0,
  "293": 0,
  "294": 0,
  "295": 0,
  "296": 0,
  "297": 0,
  "298": 0,
  "299": 0,
  "300": 0,
  "301": 0,
  "302": 0,
  "303": 0,
  "304": 0,
  "305": 0,
  "306": 0,
  "307": 0,
  "308": 0,
  "309": 0,
  "310": 0,
  "311": 0,
  "312": 0,
  "313": 0,
  "314": 0,
  "315": 0,
  "316": 0,
  "317": 0,
  "318": 0.000460069972672163,
  "319": 0,
  "320": 0,
  "321": 0.0005856531638698453,
  "322": 0,
  "323": 0,
  "324": 0,
  "325": 0.000552972452040131,
  "326": 0,
  "327": 0,
  "328": 0,
  "329": 0,
  "330": 0,
  "331": 0,
  "332": 0,
  "333": 0,
  "334": 0,
  "335": 0,
  "336": 0,
  "337": 0,
  "338": 0,
  "339": 0,
  "340": 0,
  "341": 0,
  "342": 0,
  "343": 0,
  "344": 0,
  "345": 0,
  "346": 0,
  "347": 0,
  "348": 0,
  "349": 0,
  "350": 0,
  "351": 0,
  "352": 0,
  "353": 0.000499831113390681,
  "354": 0,
  "355": 0,